ID,repeat_purchase_90d
10000006,1
10000008,1
10000010,1
10000020,0
10000025,1
10000035,1
10000044,0
10000046,1
10000049,1
10000050,1
10000051,1
10000057,1
10000088,0
10000098,1
10000099,0
10000109,1
10000137,1
10000138,1
10000141,1
10000152,1
10000156,1
10000173,1
10000189,0
10000202,1
10000218,1
10000227,1
10000231,0
10000258,1
10000269,0
10000279,1
10000317,1
10000323,1
10000327,0
10000334,1
10000336,1
10000340,0
10000357,1
10000363,1
10000368,0
10000370,1
10000371,1
10000372,1
10000391,0
10000394,1
10000403,1
10000418,1
10000425,1
10000427,0
10000432,1
10000434,1
10000437,1
10000448,0
10000449,1
10000452,1
10000455,1
10000460,1
10000463,0
10000473,1
10000482,1
10000488,1
10000521,0
10000522,1
10000526,0
10000537,1
10000544,0
10000563,0
10000588,1
10000590,1
10000599,0
10000606,1
10000619,1
10000634,1
10000636,1
10000637,1
10000642,1
10000645,1
10000649,1
10000651,1
10000654,1
10000660,1
10000677,1
10000691,1
10000697,1
10000700,0
10000701,0
10000706,0
10000722,1
10000745,1
10000753,1
10000754,1
10000771,1
10000774,1
10000794,1
10000808,1
10000816,0
10000817,1
10000818,1
10000826,0
10000852,1
10000854,1
10000875,0
10000876,0
10000881,1
10000882,0
10000887,0
10000909,1
10000918,1
10000921,1
10000945,0
10000950,1
10000951,1
10000953,1
10000964,1
10000969,1
10000971,0
10000976,0
10000979,0
10000982,1
10000989,1
10000997,1
10001006,0
10001016,1
10001017,1
10001025,1
10001034,0
10001056,0
10001061,0
10001086,0
10001090,1
10001095,1
10001097,1
10001098,1
10001127,1
10001130,1
10001137,1
10001143,1
10001164,1
10001165,0
10001176,1
10001179,1
10001186,1
10001223,1
10001227,1
10001228,0
10001230,1
10001234,1
10001246,1
10001247,1
10001254,1
10001260,1
10001263,0
10001283,0
10001287,0
10001291,1
10001299,0
10001309,1
10001311,1
10001314,1
10001320,0
10001322,1
10001326,0
10001327,1
10001343,0
10001351,1
10001353,1
10001356,1
10001373,1
10001374,1
10001381,0
10001383,1
10001391,0
10001402,1
10001404,0
10001405,1
10001409,1
10001427,0
10001429,1
10001447,1
10001479,1
10001482,1
10001489,0
10001490,1
10001503,1
10001522,1
10001527,1
10001535,1
10001536,0
10001541,1
10001546,1
10001550,0
10001551,1
10001562,1
10001573,1
10001590,1
10001591,0
10001604,1
10001609,0
10001614,1
10001619,0
10001654,1
10001662,1
10001668,1
10001682,1
10001683,0
10001684,1
10001726,0
10001729,0
10001739,0
10001741,1
10001768,1
10001778,1
10001810,0
10001812,1
10001817,1
10001818,1
10001819,1
10001827,1
10001842,1
10001845,1
10001846,1
10001849,1
10001851,1
10001854,0
10001858,1
10001869,0
10001872,1
10001885,1
10001893,1
10001899,1
10001900,1
10001902,1
10001913,0
10001924,1
10001925,1
10001933,1
10001956,1
10001965,1
10002020,0
10002038,1
10002047,1
10002081,1
10002088,1
10002090,1
10002109,1
10002113,0
10002122,1
10002130,1
10002133,1
10002141,1
10002150,1
10002166,1
10002171,1
10002182,0
10002184,1
10002186,0
10002191,0
10002195,1
10002196,1
10002199,1
10002201,1
10002209,1
10002213,1
10002227,1
10002240,1
10002241,1
10002247,1
10002249,1
10002253,1
10002260,0
10002264,1
10002266,1
10002278,1
10002285,0
10002288,1
10002289,0
10002298,1
10002303,0
10002325,1
10002328,1
10002344,1
10002400,1
10002401,1
10002414,1
10002435,1
10002436,1
10002451,1
10002455,1
10002460,1
10002488,1
10002490,1
10002500,1
10002501,0
10002516,1
10002543,1
10002549,0
10002559,1
10002560,1
10002568,0
10002574,0
10002578,1
10002582,1
10002584,0
10002590,1
10002591,0
10002592,1
10002610,1
10002613,0
10002634,1
10002646,1
10002653,0
10002656,1
10002660,1
10002664,1
10002666,1
10002672,0
10002688,1
10002694,0
10002695,1
10002709,0
10002710,1
10002712,1
10002715,0
10002716,1
10002718,1
10002722,1
10002740,0
10002743,0
10002750,1
10002754,1
10002756,1
10002774,1
10002780,1
10002784,1
10002790,1
10002801,1
10002809,1
10002810,0
10002822,1
10002830,1
10002835,1
10002839,1
10002846,1
10002855,1
10002866,1
10002867,1
10002868,0
10002880,1
10002884,1
10002889,0
10002894,1
10002896,1
10002900,1
10002905,1
10002906,1
10002909,0
10002918,0
10002923,1
10002926,1
10002936,1
10002944,1
10002958,1
10002968,1
10002972,1
10002976,0
10003002,1
10003009,1
10003014,1
10003022,1
10003023,0
10003027,0
10003029,1
10003031,1
10003034,1
10003051,1
10003055,1
10003059,1
10003062,1
10003077,1
10003078,1
10003091,1
10003095,1
10003098,1
10003101,1
10003102,1
10003116,0
10003117,1
10003130,1
10003146,0
10003153,1
10003160,1
10003171,0
10003172,1
10003176,1
10003188,1
10003195,0
10003212,1
10003218,1
10003221,1
10003229,1
10003252,1
10003254,1
10003274,0
10003276,1
10003291,1
10003297,1
10003303,0
10003318,0
10003351,1
10003353,1
10003355,1
10003361,0
10003381,1
10003387,1
10003405,1
10003410,0
10003418,1
10003421,1
10003432,1
10003455,1
10003456,0
10003461,0
10003475,0
10003478,1
10003482,1
10003484,0
10003486,1
10003492,1
10003497,0
10003500,1
10003513,1
10003514,1
10003527,0
10003532,1
10003538,1
10003551,1
10003566,0
10003592,1
10003596,1
10003599,1
10003603,0
10003616,0
10003622,0
10003627,1
10003651,0
10003658,0
10003663,0
10003671,0
10003682,1
10003688,1
10003690,1
10003692,1
10003708,1
10003717,1
10003722,0
10003726,1
10003728,1
10003730,1
10003736,1
10003745,1
10003752,1
10003761,1
10003767,1
10003769,1
10003786,1
10003793,0
10003808,0
10003809,1
10003817,1
10003821,0
10003839,1
10003847,1
10003853,1
10003861,1
10003866,0
10003868,1
10003870,1
10003871,1
10003880,0
10003881,1
10003882,0
10003888,1
10003899,0
10003906,1
10003907,1
10003914,1
10003917,1
10003918,1
10003919,1
10003926,1
10003933,0
10003942,1
10003948,0
10003956,1
10003972,1
10003973,1
10003988,0
10003990,0
10003997,1
10004027,1
10004053,1
10004063,1
10004083,0
10004089,1
10004092,1
10004094,1
10004112,1
10004115,0
10004116,1
10004121,1
10004129,1
10004140,1
10004144,1
10004156,0
10004158,1
10004160,1
10004181,0
10004188,0
10004193,1
10004194,1
10004199,1
10004204,1
10004206,1
10004217,0
10004221,1
10004251,0
10004255,1
10004265,1
10004271,1
10004273,1
10004278,1
10004279,0
10004288,1
10004299,1
10004307,1
10004308,1
10004322,1
10004324,1
10004339,1
10004340,1
10004349,1
10004360,1
10004362,1
10004374,1
10004376,1
10004386,1
10004391,1
10004395,1
10004400,1
10004404,1
10004405,1
10004411,0
10004424,1
10004431,1
10004443,1
10004445,0
10004447,1
10004452,0
10004461,1
10004465,1
10004468,0
10004470,1
10004474,1
10004477,1
10004478,1
10004479,1
10004486,1
10004490,1
10004502,1
10004507,1
10004529,1
10004533,1
10004535,0
10004538,0
10004545,0
10004547,1
10004550,0
10004564,1
10004568,1
10004572,1
10004573,1
10004580,0
10004587,1
10004589,1
10004605,1
10004612,0
10004617,1
10004621,0
10004623,1
10004636,1
10004640,0
10004644,1
10004650,1
10004658,1
10004660,1
10004662,1
10004664,1
10004665,1
10004668,1
10004669,0
10004685,0
10004693,0
10004695,1
10004699,1
10004706,0
10004727,1
10004728,1
10004730,0
10004748,1
10004750,0
10004757,1
10004759,1
10004760,0
10004765,0
10004768,1
10004772,0
10004778,1
10004781,1
10004824,0
10004843,0
10004851,1
10004869,1
10004876,1
10004879,0
10004889,1
10004894,1
10004898,1
10004900,1
10004904,1
10004919,0
10004927,0
10004935,0
10004944,1
10004957,1
10004958,1
10004965,1
10004968,0
10004980,1
10005008,0
10005013,1
10005017,1
10005020,1
10005021,1
10005031,1
10005041,1
10005057,1
10005064,1
10005073,1
10005083,1
10005114,0
10005131,0
10005132,0
10005138,1
10005154,1
10005166,1
10005172,1
10005178,1
10005190,1
10005191,1
10005207,1
10005219,1
10005225,1
10005246,1
10005249,1
10005274,1
10005276,1
10005287,1
10005289,0
10005293,1
10005307,1
10005313,1
10005326,1
10005331,1
10005335,1
10005343,0
10005348,1
10005351,1
10005352,1
10005365,1
10005369,1
10005374,0
10005381,0
10005382,1
10005389,1
10005393,1
10005396,1
10005405,1
10005422,1
10005423,0
10005435,1
10005458,1
10005459,0
10005460,1
10005475,1
10005483,1
10005491,1
10005494,1
10005496,1
10005508,1
10005512,1
10005519,1
10005524,1
10005532,0
10005535,1
10005537,1
10005543,1
10005549,1
10005555,1
10005557,1
10005558,1
10005559,1
10005570,1
10005590,1
10005595,0
10005599,0
10005600,1
10005602,1
10005610,1
10005619,1
10005626,1
10005633,0
10005634,0
10005636,1
10005640,1
10005642,1
10005650,0
10005665,1
10005668,1
10005672,0
10005689,1
10005707,1
10005709,0
10005713,1
10005719,0
10005728,1
10005738,1
10005740,1
10005741,1
10005742,1
10005744,1
10005750,0
10005772,1
10005776,1
10005777,1
10005783,1
10005786,1
10005787,1
10005801,0
10005804,1
10005815,1
10005820,1
10005824,1
10005832,1
10005847,1
10005849,1
10005871,1
10005879,0
10005890,1
10005895,0
10005901,0
10005904,1
10005905,1
10005906,0
10005922,1
10005931,1
10005932,1
10005940,0
10005944,0
10005963,1
10005964,1
10005981,1
10005986,1
10005993,1
10006000,0
10006005,1
10006007,1
10006013,1
10006026,1
10006032,1
10006034,1
10006040,0
10006043,1
10006048,1
10006053,1
10006055,1
10006063,1
10006075,0
10006098,1
10006101,1
10006107,1
10006127,1
10006132,1
10006135,0
10006140,1
10006147,1
10006148,1
10006154,0
10006157,1
10006160,1
10006163,1
10006172,1
10006175,1
10006188,1
10006212,1
10006215,0
10006222,1
10006231,1
10006234,0
10006242,1
10006251,0
10006257,0
10006260,0
10006271,0
10006274,1
10006286,1
10006298,1
10006306,1
10006307,1
10006319,1
10006320,1
10006331,1
10006348,1
10006359,1
10006361,1
10006390,1
10006392,0
10006395,1
10006402,1
10006406,1
10006408,1
10006409,1
10006416,1
10006418,1
10006422,1
10006430,1
10006443,1
10006453,1
10006456,0
10006466,1
10006467,0
10006474,0
10006489,0
10006490,1
10006496,1
10006505,1
10006526,1
10006530,1
10006543,0
10006550,1
10006552,1
10006553,0
10006554,1
10006555,0
10006565,1
10006579,1
10006588,1
10006589,1
10006592,1
10006596,1
10006621,0
10006656,1
10006671,1
10006677,1
10006680,1
10006693,0
10006694,1
10006696,1
10006703,1
10006712,1
10006749,1
10006768,1
10006770,1
10006771,1
10006775,0
10006781,0
10006783,1
10006790,0
10006795,0
10006796,1
10006807,0
10006812,1
10006829,1
10006835,1
10006844,1
10006848,1
10006877,0
10006880,1
10006885,1
10006893,1
10006894,1
10006901,1
10006911,1
10006914,0
10006919,1
10006922,1
10006962,1
10006966,1
10006973,0
10006976,1
10006979,1
10006988,1
10006995,1
10007025,0
10007034,1
10007036,1
10007043,1
10007046,1
10007073,0
10007084,1
10007087,1
10007090,1
10007107,1
10007112,1
10007116,1
10007132,1
10007135,1
10007139,1
10007167,1
10007173,0
10007174,1
10007178,1
10007180,1
10007181,0
10007191,1
10007193,1
10007194,1
10007216,0
10007220,1
10007224,0
10007233,1
10007235,1
10007236,0
10007246,1
10007249,1
10007257,1
10007280,0
10007281,1
10007283,1
10007296,0
10007307,1
10007316,0
10007317,1
10007326,1
10007335,0
10007350,1
10007351,0
10007359,1
10007377,0
10007380,1
10007389,0
10007403,1
10007417,1
10007418,1
10007422,1
10007425,1
10007444,0
10007450,1
10007454,1
10007470,1
10007472,1
10007478,0
10007485,1
10007488,1
10007495,0
10007502,0
10007503,0
10007504,1
10007509,1
10007531,0
10007534,1
10007559,1
10007569,1
10007574,1
10007586,1
10007605,1
10007607,0
10007613,1
10007616,0
10007618,1
10007624,1
10007633,0
10007647,1
10007655,1
10007657,1
10007661,1
10007668,1
10007675,1
